Model,Accuracy,Precision,Recall,F1-Score,ROC AUC,RMSE,MAE,CV Mean,CV Std,Train Acc,Overfit Gap
Logistic Regression,0.9871794871794872,0.967741935483871,1.0,0.9836065573770492,1.0,0.11322770341445958,0.01282051282051282,0.990269698572184,0.012930072373950078,1.0,0.012820512820512775
SVM,0.9871794871794872,0.967741935483871,1.0,0.9836065573770492,0.9944444444444444,0.11322770341445958,0.01282051282051282,0.9870438921205711,0.012084450438670463,0.9902597402597403,0.0030802530802530592
Random Forest,1.0,1.0,1.0,1.0,1.0,0.0,0.0,0.9967741935483871,0.0064516129032258,1.0,0.0
Naive Bayes,0.9743589743589743,0.9375,1.0,0.967741935483871,0.9791666666666667,0.16012815380508713,0.02564102564102564,0.9610787942887361,0.012933316164265768,0.9642857142857143,-0.010073260073260037
