,Accuracy,Precision,Recall,F1-Score,ROC-AUC,RMSE,MAE,CV Mean Accuracy,CV Std Dev,Train Accuracy,Overfitting Gap
Logistic Regression,0.9871794871794872,0.967741935483871,1.0,0.9836065573770492,1.0,0.11322770341445958,0.01282051282051282,0.9870438921205711,0.012084450438670463,0.9967532467532467,0.0095737595737595
Random Forest,1.0,1.0,1.0,1.0,1.0,0.0,0.0,0.9934955050237969,0.007966785652148698,1.0,0.0
SVM,0.9871794871794872,0.967741935483871,1.0,0.9836065573770492,1.0,0.11322770341445958,0.01282051282051282,0.9870438921205711,0.012084450438670463,0.9902597402597403,0.0030802530802530592
Naive Bayes,0.9743589743589743,0.9375,1.0,0.967741935483871,0.9791666666666667,0.16012815380508713,0.02564102564102564,0.9610787942887361,0.012933316164265768,0.9642857142857143,-0.010073260073260037
Average (Before Tuning),0.9871794871794872,0.9682459677419355,1.0,0.9837387625594923,0.9947916666666667,0.09664589015850157,0.01282051282051282,0.9821655208884188,0.011267250673438848,0.9878246753246753,0.0006451881451881303
