Model,Train Accuracy,Test Accuracy,Overfit Gap,Precision,Recall,F1,ROC-AUC
Logistic Regression,0.9967532467532467,0.9871794871794872,0.0095737595737595,0.967741935483871,1.0,0.9836065573770492,1.0
Random Forest,0.9967532467532467,1.0,-0.0032467532467532756,1.0,1.0,1.0,1.0
SVM,0.9902597402597403,0.9871794871794872,0.0030802530802530592,0.967741935483871,1.0,0.9836065573770492,1.0
Naive Bayes,0.961038961038961,0.9743589743589743,-0.013320013320013313,0.9375,1.0,0.967741935483871,0.9791666666666667
