Model,Train Accuracy,Test Accuracy,Overfit Gap,Precision,Recall,F1,ROC-AUC
Logistic Regression,1.0,0.9871794871794872,0.012820512820512775,0.967741935483871,1.0,0.9836065573770492,1.0
SVM,0.9902597402597403,0.9871794871794872,0.0030802530802530592,0.967741935483871,1.0,0.9836065573770492,0.9944444444444444
Random Forest,1.0,1.0,0.0,1.0,1.0,1.0,1.0
Naive Bayes,0.9642857142857143,0.9743589743589743,-0.010073260073260037,0.9375,1.0,0.967741935483871,0.9791666666666667
